{
	"version": 1,
	"allow_edit": true,
	"plugins": [
		"https://helmsmart-weatherstation.herokuapp.com/static/plugins/helmsmart.widgets.js",
		"https://helmsmart-weatherstation.herokuapp.com/static/plugins/helmsmart.datasources.js",
		"https://helmsmart-weatherstation.herokuapp.com/static/plugins/plugin_highcharts_historical.js"
	],
	"panes": [
		{
			"title": "FLEETWEATHER WEATHER",
			"width": 1,
			"row": {
				"0": 1,
				"1": 5,
				"2": 5,
				"3": 1,
				"5": 5
			},
			"col": {
				"0": 0,
				"1": 1,
				"2": 1,
				"3": 1,
				"5": 1
			},
			"col_width": 1,
			"widgets": [
				{
					"type": "google_map",
					"settings": {
						"lat": "",
						"lon": "",
						"blocks": 4,
						"position": "datasources[\"FLEETWEATHER Location\"][\"position\"]"
					}
				}
			]
		},
		{
			"title": "Weather",
			"width": 1,
			"row": {
				"0": 1,
				"1": 15,
				"2": 5,
				"3": 1,
				"5": 5
			},
			"col": {
				"0": 0,
				"1": 1,
				"2": 2,
				"3": 2,
				"5": 2
			},
			"col_width": 1,
			"widgets": [
				{
					"type": "hstext_widget",
					"settings": {
						"title": "Air Temp",
						"size": "regular",
						"value": "datasources[\"FLEETWEATHER Environmental Live\"][\"temperature\"]",
						"animate": true,
						"units": "C"
					}
				},
				{
					"type": "hstext_widget",
					"settings": {
						"title": "Baro",
						"size": "regular",
						"value": "datasources[\"FLEETWEATHER Environmental Live\"][\"atmospheric_pressure\"]",
						"animate": true,
						"units": "kPa"
					}
				},
				{
					"type": "hstext_widget",
					"settings": {
						"title": "Wind Speed",
						"size": "regular",
						"value": "datasources[\"FLEETWEATHER Wind Live\"][\"apparentwindspeed\"]",
						"animate": true,
						"units": "knots"
					}
				},
				{
					"type": "hstext_widget",
					"settings": {
						"title": "Date/time",
						"size": "small",
						"value": "datasources[\"FLEETWEATHER Wind Live\"][\"date_time\"]",
						"animate": true,
						"units": "utc"
					}
				}
			]
		},
		{
			"title": "Wind Dir True",
			"width": 1,
			"row": {
				"0": 1,
				"1": 25,
				"2": 15,
				"3": 1,
				"5": 5
			},
			"col": {
				"0": 0,
				"1": 1,
				"2": 1,
				"3": 3,
				"5": 3
			},
			"col_width": 1,
			"widgets": [
				{
					"type": "gauge",
					"settings": {
						"title": "",
						"value": "datasources[\"FLEETWEATHER Wind Live\"][\"apparentwinddirection\"]",
						"units": "degrees",
						"min_value": 0,
						"max_value": 360,
						"gaugeStyle": "compass",
						"dropshadow": true,
						"blocks": "4",
						"gaugeBackColor": "10",
						"gaugeFillColor": "11",
						"gaugePointerColor": "6"
					}
				}
			]
		},
		{
			"title": "Air Temp (24 hour)",
			"width": 1,
			"row": {
				"0": 1,
				"1": 35,
				"2": 15,
				"3": 11
			},
			"col": {
				"0": 0,
				"1": 1,
				"2": 2,
				"3": 1
			},
			"col_width": 1,
			"widgets": [
				{
					"type": "highcharts-timeseries",
					"settings": {
						"showledgen": false,
						"blocks": 4,
						"chartType": "area",
						"xaxis": "{\"title\":{\"text\" : \"Time\"}, \"type\": \"datetime\", \"floor\":0}",
						"yaxis": "{\"title\":{\"text\" : \"Values\"}, \"minorTickInterval\":\"auto\", \"floor\":0}",
						"series1": "datasources[\"FLEETWEATHER Environmental\"][\"temperature\"]",
						"series1color": "0",
						"series2color": "0",
						"series3color": "0"
					}
				}
			]
		},
		{
			"title": "Wind Speed (24 hours)",
			"width": 1,
			"row": {
				"0": 1,
				"1": 45,
				"2": 25,
				"3": 11
			},
			"col": {
				"0": 0,
				"1": 1,
				"2": 1,
				"3": 2
			},
			"col_width": 1,
			"widgets": [
				{
					"type": "highcharts-timeseries",
					"settings": {
						"showledgen": false,
						"blocks": 4,
						"chartType": "area",
						"xaxis": "{\"title\":{\"text\" : \"Time\"}, \"type\": \"datetime\", \"floor\":0}",
						"yaxis": "{\"title\":{\"text\" : \"Values\"}, \"minorTickInterval\":\"auto\", \"floor\":0}",
						"series1": "datasources[\"FLEETWEATHER Wind\"][\"apparentwindspeed\"]",
						"series1color": "0",
						"series2color": "0",
						"series3color": "0"
					}
				}
			]
		},
		{
			"title": "Baro (24 hours)",
			"width": 1,
			"row": {
				"0": 1,
				"1": 55,
				"2": 25,
				"3": 11
			},
			"col": {
				"0": 0,
				"1": 1,
				"2": 2,
				"3": 3
			},
			"col_width": 1,
			"widgets": [
				{
					"type": "highcharts-timeseries",
					"settings": {
						"showledgen": false,
						"blocks": 4,
						"chartType": "area",
						"xaxis": "{\"title\":{\"text\" : \"Time\"}, \"type\": \"datetime\", \"floor\":0}",
						"yaxis": "{\"title\":{\"text\" : \"Values\"}, \"minorTickInterval\":\"auto\", \"floor\":0}",
						"series1": "datasources[\"FLEETWEATHER Environmental\"][\"atmospheric_pressure\"]",
						"series1color": "0",
						"series2color": "0",
						"series3color": "0"
					}
				}
			]
		},
		{
			"title": "stats - 1 hour",
			"width": 1,
			"row": {
				"3": 21
			},
			"col": {
				"3": 1
			},
			"col_width": 3,
			"widgets": [
				{
					"type": "hshtml",
					"settings": {
						"html": "datasources[\"Status - 1 hour\"][\"stats\"]",
						"height": 1
					}
				}
			]
		}
	],
	"datasources": [
		{
			"name": "FLEETWEATHER Wind Live",
			"type": "JSON",
			"settings": {
				"url": "https://helmsmart-weatherstation.herokuapp.com/freeboard_winddata",
				"apikey": "d811bda8373894d651709ce9a8056d28",
				"refresh": 30,
				"span": "10min",
				"resolution": "120",
				"source": "",
				"instance": "",
				"index": "",
				"type": "true",
				"timezone": "UTC",
				"units": "nautical",
				"mode": "median"
			}
		},
		{
			"name": "FLEETWEATHER Environmental Live",
			"type": "JSON",
			"settings": {
				"url": "https://helmsmart-weatherstation.herokuapp.com/freeboard_environmental",
				"apikey": "d811bda8373894d651709ce9a8056d28",
				"refresh": 60,
				"span": "15min",
				"resolution": "300",
				"source": "",
				"instance": "",
				"index": "",
				"type": "",
				"timezone": "UTC",
				"units": "metric",
				"mode": "median"
			}
		},
		{
			"name": "FLEETWEATHER Location Live",
			"type": "JSON",
			"settings": {
				"url": "https://helmsmart-weatherstation.herokuapp.com/freeboard_location",
				"apikey": "d811bda8373894d651709ce9a8056d28",
				"refresh": 60,
				"span": "5Min",
				"resolution": "300",
				"instance": "",
				"index": "",
				"type": "NULL",
				"timezone": "UTC",
				"units": "US",
				"mode": "median"
			}
		},
		{
			"name": "FLEETWEATHER Wind",
			"type": "JSON",
			"settings": {
				"url": "https://helmsmart-weatherstation.herokuapp.com/freeboard_winddata",
				"apikey": "d811bda8373894d651709ce9a8056d28",
				"refresh": 60,
				"span": "1day",
				"resolution": "900",
				"source": "",
				"instance": "",
				"index": "",
				"type": "true",
				"timezone": "UTC",
				"units": "nautical",
				"mode": "median"
			}
		},
		{
			"name": "FLEETWEATHER Environmental",
			"type": "JSON",
			"settings": {
				"url": "https://helmsmart-weatherstation.herokuapp.com/freeboard_environmental",
				"apikey": "d811bda8373894d651709ce9a8056d28",
				"refresh": 60,
				"span": "1day",
				"resolution": "600",
				"source": "",
				"instance": "",
				"index": "",
				"type": "",
				"timezone": "UTC",
				"units": "metric",
				"mode": "median"
			}
		},
		{
			"name": "FLEETWEATHER Location",
			"type": "JSON",
			"settings": {
				"url": "https://helmsmart-weatherstation.herokuapp.com/freeboard_location",
				"apikey": "d811bda8373894d651709ce9a8056d28",
				"refresh": 15,
				"span": "12hour",
				"resolution": "600",
				"instance": "",
				"type": "NULL",
				"units": "US",
				"name": "FLEETWEATHER Location",
				"timezone": "UTC",
				"mode": "median"
			}
		},
		{
			"name": "Status - 1 hour",
			"type": "JSON",
			"settings": {
				"url": "https://helmsmart-weatherstation.herokuapp.com/get_dbstats_html",
				"apikey": "d811bda8373894d651709ce9a8056d28",
				"refresh": 60,
				"span": "1hour",
				"resolution": "600",
				"source": "",
				"instance": "",
				"index": "",
				"type": "",
				"timezone": "UTC",
				"units": "US",
				"mode": "median"
			}
		}
	],
	"columns": 3
}